timestamp,voltage,current,power,temperature,string_id
2026-03-01 06:00:00,567.1138467802747,0.9153110426860247,519.9841723436217,20.146979188363726,String_1
2026-03-01 06:00:00,567.7375897286292,0.6281687841723582,356.8599198491348,20.146979188363726,String_2
2026-03-01 06:00:00,567.9094848431504,0.9395152910414322,533.734499239441,20.146979188363726,String_3
2026-03-01 06:00:00,571.7337437438845,0.8351069322298449,474.4205704103072,20.146979188363726,String_4
2026-03-01 07:00:00,586.8968102658813,0.9216453549903093,540.6713406183526,20.88572562055715,String_1
2026-03-01 07:00:00,590.3002812229226,0.731550317880032,429.1545429664078,20.88572562055715,String_2
2026-03-01 07:00:00,586.2334979363019,0.9281671355021935,544.497258899703,20.88572562055715,String_3
2026-03-01 07:00:00,587.0302567884253,0.8901514734304977,522.1958618758835,20.88572562055715,String_4
2026-03-01 08:00:00,555.6084214480638,3.5822367112324343,2026.11102362386,24.366534910447278,String_1
2026-03-01 08:00:00,570.1810632442368,2.7876527803080293,1576.6948092814973,24.366534910447278,String_2
2026-03-01 08:00:00,567.3318672502144,3.718544038280233,2103.2063694077606,24.366534910447278,String_3
2026-03-01 08:00:00,570.5894754200227,3.8444311966542983,2174.408073782742,24.366534910447278,String_4
2026-03-01 09:00:00,569.5503523876507,8.492396340602497,4959.82807128186,25.15343892119592,String_1
2026-03-01 09:00:00,594.4735028025228,6.718995187495825,3924.105706468388,25.15343892119592,String_2
2026-03-01 09:00:00,583.3336811378433,9.030977666421245,5274.376600498823,25.15343892119592,String_3
2026-03-01 09:00:00,589.5725433623068,9.003987011312041,5258.613204220097,25.15343892119592,String_4
2026-03-01 10:00:00,593.8864992414937,15.162716139062857,9083.771398742203,31.962167179352967,String_1
2026-03-01 10:00:00,602.1498984024341,10.68419371795124,6400.751186241294,31.962167179352967,String_2
2026-03-01 10:00:00,593.818951061253,13.715629565580324,8216.842049993153,31.962167179352967,String_3
2026-03-01 10:00:00,595.9671840736422,14.700414537190534,8806.812967932981,31.962167179352967,String_4
2026-03-01 11:00:00,586.2473554559894,21.31929697022508,12294.352454758298,31.15036680314378,String_1
2026-03-01 11:00:00,575.7237866828386,14.725496525459274,8491.85808557193,31.15036680314378,String_2
2026-03-01 11:00:00,577.764363052554,19.9859584564614,11525.446535740031,31.15036680314378,String_3
2026-03-01 11:00:00,581.0275373400991,19.970231080564407,11516.376916665062,31.15036680314378,String_4
2026-03-01 12:00:00,584.7502027095769,25.497071472232452,14846.225529262852,29.643735396299096,String_1
2026-03-01 12:00:00,583.0238877954317,19.56753321230064,11393.622653390976,29.643735396299096,String_2
2026-03-01 12:00:00,584.096598282045,27.088177818478407,15772.681874774307,29.643735396299096,String_3
2026-03-01 12:00:00,594.2888711959052,24.997727450604845,14555.471590331235,29.643735396299096,String_4
2026-03-01 13:00:00,585.6113920662851,22.107719361698276,12952.901411788778,32.34697556702493,String_1
2026-03-01 13:00:00,586.9049812850279,14.959865847499088,8764.977711448402,32.34697556702493,String_2
2026-03-01 13:00:00,591.1527580314912,23.351046800241598,13681.36631902498,32.34697556702493,String_3
2026-03-01 13:00:00,591.4271157162431,19.74268098778514,11567.226644021108,32.34697556702493,String_4
2026-03-01 14:00:00,583.3520696599079,13.018621936840814,7517.172557097652,28.742620524503078,String_1
2026-03-01 14:00:00,580.6105692422519,10.87858491722169,6281.47897654056,28.742620524503078,String_2
2026-03-01 14:00:00,571.7018935684537,13.401253635153584,7738.1105731170655,28.742620524503078,String_3
2026-03-01 14:00:00,585.5840757936115,13.482947155801284,7785.281794040822,28.742620524503078,String_4
2026-03-01 15:00:00,560.7095032081835,9.380967949949222,5313.767025785321,25.593966525768185,String_1
2026-03-01 15:00:00,567.9544074994722,6.417231454613303,3634.9844794578066,25.593966525768185,String_2
2026-03-01 15:00:00,562.6698509231802,8.010917086138168,4537.713729088227,25.593966525768185,String_3
2026-03-01 15:00:00,566.120538440312,7.345756331579513,4160.939253013037,25.593966525768185,String_4
2026-03-01 16:00:00,578.4509961075718,2.890389777368292,1667.1975883082102,28.705928833471646,String_1
2026-03-01 16:00:00,578.4139701333057,2.181448827981326,1258.2753556302887,28.705928833471646,String_2
2026-03-01 16:00:00,578.9167878272308,2.9395260610192797,1695.539749715916,28.705928833471646,String_3
2026-03-01 16:00:00,584.8757404013476,2.644399330545517,1525.308531371675,28.705928833471646,String_4
2026-03-01 17:00:00,569.0202354209175,0.6217517470301335,352.3793967469313,24.80805312712182,String_1
2026-03-01 17:00:00,565.5317807368945,0.4865645476869962,275.7617049109434,24.80805312712182,String_2
2026-03-01 17:00:00,571.5729997547894,0.6012955348270715,340.7857860328904,24.80805312712182,String_3
2026-03-01 17:00:00,572.6999163579709,0.6418802859741317,363.78729780127196,24.80805312712182,String_4
2026-03-01 18:00:00,572.8940200927314,0.42533750708591517,246.28405256951834,19.58518837027942,String_1
2026-03-01 18:00:00,582.0190595176657,0.3334667562820845,193.08794255422782,19.58518837027942,String_2
2026-03-01 18:00:00,582.5379228799709,0.42343233630346433,245.18089760828835,19.58518837027942,String_3
2026-03-01 18:00:00,577.5442416516164,0.42656952491552763,246.99743039033106,19.58518837027942,String_4
2026-03-01 19:00:00,574.5231401926877,0.0,0.0,21.279003322765117,String_1
2026-03-01 19:00:00,566.8943281909669,0.0,0.0,21.279003322765117,String_2
2026-03-01 19:00:00,568.2724883934873,0.0,0.0,21.279003322765117,String_3
2026-03-01 19:00:00,566.7792470047102,0.0,0.0,21.279003322765117,String_4
2026-03-01 20:00:00,587.4773704780476,0.0960819905633117,56.4385108369174,19.908444172162817,String_1
2026-03-01 20:00:00,581.9180998056643,0.0647043718944601,38.00731409654875,19.908444172162817,String_2
2026-03-01 20:00:00,580.1992208271688,0.08781716199423169,51.58375487249009,19.908444172162817,String_3
2026-03-01 20:00:00,595.3720005562652,0.09042431297626716,53.11519399120954,19.908444172162817,String_4
2026-03-01 21:00:00,564.4991669197184,0.0,0.0,18.89408121700366,String_1
2026-03-01 21:00:00,563.7770119140285,0.0,0.0,18.89408121700366,String_2
2026-03-01 21:00:00,557.9670230932915,0.0,0.0,18.89408121700366,String_3
2026-03-01 21:00:00,565.5391649228626,0.0,0.0,18.89408121700366,String_4
2026-03-01 22:00:00,565.808058903317,0.0340711326734164,19.50311728203327,23.512035773995613,String_1
2026-03-01 22:00:00,580.6335836710364,0.024184917953652747,13.844015572586622,23.512035773995613,String_2
2026-03-01 22:00:00,577.4725933170678,0.036275377368069,20.76487876235093,23.512035773995613,String_3
2026-03-01 22:00:00,568.982756144466,0.03328046132282069,19.05051841395268,23.512035773995613,String_4
2026-03-01 23:00:00,592.927443404906,0.43406557144403934,252.48086537146483,25.478513959872593,String_1
2026-03-01 23:00:00,586.5740918131423,0.29793758309133217,173.299943037017,25.478513959872593,String_2
2026-03-01 23:00:00,580.0411074606412,0.38457689128018563,223.69501914022945,25.478513959872593,String_3
2026-03-01 23:00:00,569.1682358038165,0.37375450335700433,217.40001200768893,25.478513959872593,String_4
2026-03-02 00:00:00,576.6077983314821,0.0,0.0,18.798997804976636,String_1
2026-03-02 00:00:00,558.2052231347104,0.0,0.0,18.798997804976636,String_2
2026-03-02 00:00:00,556.9260917337439,0.0,0.0,18.798997804976636,String_3
2026-03-02 00:00:00,570.2659376285766,0.0,0.0,18.798997804976636,String_4
2026-03-02 01:00:00,589.0184415085293,0.0,0.0,22.72207142599606,String_1
2026-03-02 01:00:00,583.7410435693856,0.0,0.0,22.72207142599606,String_2
2026-03-02 01:00:00,579.6392250770948,0.0,0.0,22.72207142599606,String_3
2026-03-02 01:00:00,579.7934511851595,0.0,0.0,22.72207142599606,String_4
2026-03-02 02:00:00,590.4570850709352,1.302197599385384,763.335220259854,20.294847814371266,String_1
2026-03-02 02:00:00,589.9846502259676,1.0116264353748423,593.0053075140185,20.294847814371266,String_2
2026-03-02 02:00:00,587.5959643968806,1.3587035690422153,796.4584550241879,20.294847814371266,String_3
2026-03-02 02:00:00,586.711012796793,1.3215915648390737,774.7037690102829,20.294847814371266,String_4
2026-03-02 03:00:00,561.8271684840125,0.0,0.0,20.62188218508553,String_1
2026-03-02 03:00:00,558.3703111791768,0.0,0.0,20.62188218508553,String_2
2026-03-02 03:00:00,560.7367587391763,0.0,0.0,20.62188218508553,String_3
2026-03-02 03:00:00,553.6753500525332,0.0,0.0,20.62188218508553,String_4
2026-03-02 04:00:00,576.0228147848027,0.06136308672021839,35.37671005169934,20.41134510413718,String_1
2026-03-02 04:00:00,571.5715573830219,0.04489751781537132,25.88407061459088,20.41134510413718,String_2
2026-03-02 04:00:00,570.9965663326975,0.06795811660125543,39.17884049125019,20.41134510413718,String_3
2026-03-02 04:00:00,577.4139836745438,0.062394860200707565,35.97154243724607,20.41134510413718,String_4
2026-03-02 05:00:00,584.0390737857105,0.0,0.0,19.868151413255287,String_1
2026-03-02 05:00:00,581.6706453839989,0.0,0.0,19.868151413255287,String_2
2026-03-02 05:00:00,569.2265593358716,0.0,0.0,19.868151413255287,String_3
2026-03-02 05:00:00,572.1309216711358,0.0,0.0,19.868151413255287,String_4
2026-03-02 06:00:00,585.9584389141595,0.1291289875576905,75.05681581272844,21.693176208504575,String_1
2026-03-02 06:00:00,576.342146006527,0.0875844272573881,50.90884974052889,21.693176208504575,String_2
2026-03-02 06:00:00,580.1314172242334,0.11754403737281496,68.32301042424152,21.693176208504575,String_3
2026-03-02 06:00:00,584.0048434693413,0.12091774096998692,70.28399110169431,21.693176208504575,String_4
2026-03-02 07:00:00,560.7998494811492,0.9615569791121042,543.8966009974097,22.00478508061301,String_1
2026-03-02 07:00:00,566.1684492861972,0.7345916908041722,415.5155985849782,22.00478508061301,String_2
2026-03-02 07:00:00,558.9714442808763,0.9780041491102299,553.1998040860789,22.00478508061301,String_3
2026-03-02 07:00:00,562.6347335357112,1.0146299047486658,573.9168540721354,22.00478508061301,String_4
2026-03-02 08:00:00,566.9435501716749,2.0717084888250437,1171.229290837586,26.137046604174596,String_1
2026-03-02 08:00:00,557.3796718333039,1.3729656782008617,776.198787762626,26.137046604174596,String_2
2026-03-02 08:00:00,567.5470141907642,1.854190877917793,1048.256875296598,26.137046604174596,String_3
2026-03-02 08:00:00,565.2464515063288,1.82814338968556,1033.5310674259933,26.137046604174596,String_4
2026-03-02 09:00:00,585.6852589448446,8.021951529075718,4676.178520376526,27.152510983209027,String_1
2026-03-02 09:00:00,584.0423798430822,6.383858528656077,3721.296746885676,27.152510983209027,String_2
2026-03-02 09:00:00,589.7435113226281,8.072439843343387,4705.609310359833,27.152510983209027,String_3
2026-03-02 09:00:00,583.5489316859985,7.972186303100367,4647.169235051857,27.152510983209027,String_4
2026-03-02 10:00:00,581.578416631962,13.498119022641848,7879.195524213265,28.04644008915761,String_1
2026-03-02 10:00:00,584.3369318527497,9.853333116085375,5751.641251393208,28.04644008915761,String_2
2026-03-02 10:00:00,586.4419344827702,15.030079628031343,8773.43990930193,28.04644008915761,String_3
2026-03-02 10:00:00,583.9697446892168,15.032237233581307,8774.699358560287,28.04644008915761,String_4
2026-03-02 11:00:00,586.7365818537494,19.396529445190172,11376.716696828154,27.50841223884427,String_1
2026-03-02 11:00:00,583.0236649586963,17.339585984588037,10170.250195756917,27.50841223884427,String_2
2026-03-02 11:00:00,583.2191188099753,19.901664384994902,11672.995323376615,27.50841223884427,String_3
2026-03-02 11:00:00,579.5205970387316,21.085049351675828,12367.090395758381,27.50841223884427,String_4
2026-03-02 12:00:00,597.1824250708729,21.159054606909113,12450.718593120657,28.442590291478254,String_1
2026-03-02 12:00:00,582.2152251779818,17.727548844350757,10431.502073572805,28.442590291478254,String_2
2026-03-02 12:00:00,584.9700153659587,23.32585938268593,13725.741367560579,28.442590291478254,String_3
2026-03-02 12:00:00,584.8425050270922,22.408954639923152,13186.202945786796,28.442590291478254,String_4
2026-03-02 13:00:00,584.6360906742084,23.789625716310933,13801.824197527085,30.834322014578976,String_1
2026-03-02 13:00:00,578.6867203980261,17.295265912733434,10034.046875036163,30.834322014578976,String_2
2026-03-02 13:00:00,586.4001791528549,22.830424303474047,13245.332496990686,30.834322014578976,String_3
2026-03-02 13:00:00,576.7940156682669,23.5033393408031,13635.731873418043,30.834322014578976,String_4
2026-03-02 14:00:00,584.8961380727202,14.2957091304608,8341.562964456207,29.526170558139192,String_1
2026-03-02 14:00:00,579.3244319953023,10.224144928400902,5965.800499973706,29.526170558139192,String_2
2026-03-02 14:00:00,594.226912900468,15.089837548239291,8804.937823185564,29.526170558139192,String_3
2026-03-02 14:00:00,577.5631751664536,15.240079462739036,8892.604155667783,29.526170558139192,String_4
2026-03-02 15:00:00,581.9242555116975,6.1425650617061205,3564.992131115331,25.297876712510195,String_1
2026-03-02 15:00:00,583.544036365223,5.096982943904748,2958.1622506091135,25.297876712510195,String_2
2026-03-02 15:00:00,582.4441474478199,7.395663222567553,4292.259166646786,25.297876712510195,String_3
2026-03-02 15:00:00,579.448713666174,6.869623473308518,3986.958767233278,25.297876712510195,String_4
2026-03-02 16:00:00,570.531147807521,3.8336823034399155,2189.7236215068974,25.79479756347337,String_1
2026-03-02 16:00:00,571.3993086660838,2.985851929568997,1705.4596554942866,25.79479756347337,String_2
2026-03-02 16:00:00,570.4452412980457,3.9903115837306995,2279.187173185295,25.79479756347337,String_3
2026-03-02 16:00:00,575.9996468901628,4.111337814556147,2348.3149661228144,25.79479756347337,String_4
2026-03-02 17:00:00,600.9788110971148,0.0,0.0,25.169459560178666,String_1
2026-03-02 17:00:00,587.1387371641189,0.0,0.0,25.169459560178666,String_2
2026-03-02 17:00:00,583.0771811912626,0.0,0.0,25.169459560178666,String_3
2026-03-02 17:00:00,589.4847858474017,0.0,0.0,25.169459560178666,String_4
2026-03-02 18:00:00,591.9154387691294,0.5339214823433402,309.1495573216455,18.257322390372174,String_1
2026-03-02 18:00:00,574.9985192410091,0.41690785729777025,241.39669181664468,18.257322390372174,String_2
2026-03-02 18:00:00,587.2124761080781,0.5185250084801136,300.23473887635583,18.257322390372174,String_3
2026-03-02 18:00:00,587.40539615124,0.5100011581316873,295.29928553904773,18.257322390372174,String_4
2026-03-02 19:00:00,562.7016308138388,0.0,0.0,22.68285333737479,String_1
2026-03-02 19:00:00,568.3144874183051,0.0,0.0,22.68285333737479,String_2
2026-03-02 19:00:00,573.6115551380215,0.0,0.0,22.68285333737479,String_3
2026-03-02 19:00:00,563.5739333174413,0.0,0.0,22.68285333737479,String_4
2026-03-02 20:00:00,579.2345270685588,0.007873927902952021,4.568865790427858,20.270885434723226,String_1
2026-03-02 20:00:00,577.3440242993274,0.006752276330605263,3.91802474122884,20.270885434723226,String_2
2026-03-02 20:00:00,575.1786452156063,0.009299925817869552,5.396304544120985,20.270885434723226,String_3
2026-03-02 20:00:00,577.0060411437406,0.008894875735685344,5.161273250119982,20.270885434723226,String_4
2026-03-02 21:00:00,561.1817151905723,0.2595131074142742,147.22215344276225,22.73733028980124,String_1
2026-03-02 21:00:00,567.4718338656796,0.19012782910741594,107.85978677334298,22.73733028980124,String_2
2026-03-02 21:00:00,563.4515503690903,0.27041255884723214,153.40542768001802,22.73733028980124,String_3
2026-03-02 21:00:00,568.4703460833373,0.2710857499552973,153.78732994921498,22.73733028980124,String_4
2026-03-02 22:00:00,573.8864727472327,0.9023263328965769,524.8525045170052,20.069614639529885,String_1
2026-03-02 22:00:00,583.3203521393232,0.6849002579740832,398.3831598797444,20.069614639529885,String_2
2026-03-02 22:00:00,585.8335957862955,0.8983666856330569,522.5493125259313,20.069614639529885,String_3
2026-03-02 22:00:00,571.6972727653936,0.9628072976967117,560.0322224235576,20.069614639529885,String_4
2026-03-02 23:00:00,586.2247345816584,0.07945097596669684,46.42753150062485,17.98636875128588,String_1
2026-03-02 23:00:00,590.492796694787,0.07497399408927875,43.81138721023023,17.98636875128588,String_2
2026-03-02 23:00:00,578.3062466389646,0.09454643151976667,55.2486281539901,17.98636875128588,String_3
2026-03-02 23:00:00,592.7173136666091,0.0893766646204655,52.22765185196455,17.98636875128588,String_4
2026-03-03 00:00:00,570.5296365000165,0.15954320524038873,90.68986871279195,18.278508989798787,String_1
2026-03-03 00:00:00,564.9094821743943,0.1162218539082768,66.06451623319053,18.278508989798787,String_2
2026-03-03 00:00:00,568.1556960648977,0.16884588462416092,95.9778330025925,18.278508989798787,String_3
2026-03-03 00:00:00,571.2261760157949,0.17051517376011546,96.92671460714162,18.278508989798787,String_4
2026-03-03 01:00:00,583.0870359910167,0.0,0.0,21.629763758887876,String_1
2026-03-03 01:00:00,585.4007889961864,0.0,0.0,21.629763758887876,String_2
2026-03-03 01:00:00,578.1036410685577,0.0,0.0,21.629763758887876,String_3
2026-03-03 01:00:00,583.553813154135,0.0,0.0,21.629763758887876,String_4
2026-03-03 02:00:00,571.233674930967,0.0,0.0,22.053038869008077,String_1
2026-03-03 02:00:00,577.7461171087484,0.0,0.0,22.053038869008077,String_2
2026-03-03 02:00:00,573.782709208168,0.0,0.0,22.053038869008077,String_3
2026-03-03 02:00:00,574.6245977025432,0.0,0.0,22.053038869008077,String_4
2026-03-03 03:00:00,587.7569471560081,0.048202938053934025,28.03369510076264,19.724960615356295,String_1
2026-03-03 03:00:00,587.0330318829273,0.03216216163319165,18.704756792988796,19.724960615356295,String_2
2026-03-03 03:00:00,584.6221718844919,0.0464770770123691,27.029974909031147,19.724960615356295,String_3
2026-03-03 03:00:00,576.114917456593,0.04260331154178704,24.77708401734624,19.724960615356295,String_4
2026-03-03 04:00:00,588.5923016127576,0.022261473624293437,13.138150589601493,22.81077878311986,String_1
2026-03-03 04:00:00,596.2398323611275,0.01630557783694112,9.623133701194964,22.81077878311986,String_2
2026-03-03 04:00:00,590.8829284294311,0.022306499649728702,13.164723794619428,22.81077878311986,String_3
2026-03-03 04:00:00,601.77099156114,0.02290360899777175,13.517122412314142,22.81077878311986,String_4
2026-03-03 05:00:00,575.5559213306523,1.1285156350012586,647.3045293827881,18.210553741027194,String_1
2026-03-03 05:00:00,574.5495777161306,0.8996397325700547,516.0237533657805,18.210553741027194,String_2
2026-03-03 05:00:00,572.0437498126679,1.2229468656394251,701.4692758970956,18.210553741027194,String_3
2026-03-03 05:00:00,574.2570366575918,1.155214106089753,662.618487583428,18.210553741027194,String_4
2026-03-03 06:00:00,568.5008227198915,0.581907931293392,331.25875472288766,21.401434268270478,String_1
2026-03-03 06:00:00,572.8037152852371,0.4763547475444756,271.1712145376466,21.401434268270478,String_2
2026-03-03 06:00:00,574.0466834857671,0.6359681653319716,362.0332550254428,21.401434268270478,String_3
2026-03-03 06:00:00,565.3332245992544,0.5959249880987566,339.23814894063713,21.401434268270478,String_4
2026-03-03 07:00:00,561.2277197952069,0.0,0.0,21.182113826860366,String_1
2026-03-03 07:00:00,558.7028576974793,0.0,0.0,21.182113826860366,String_2
2026-03-03 07:00:00,570.4238411975585,0.0,0.0,21.182113826860366,String_3
2026-03-03 07:00:00,562.3670515321264,0.0,0.0,21.182113826860366,String_4
2026-03-03 08:00:00,559.3482593734888,3.4988739723280435,1994.752530493652,24.229921649960794,String_1
2026-03-03 08:00:00,572.055605360906,2.5212841042229313,1437.4161192338534,24.229921649960794,String_2
2026-03-03 08:00:00,582.5777099254151,3.5141355271287735,2003.4533368955952,24.229921649960794,String_3
2026-03-03 08:00:00,570.0823577805518,3.4326673700832724,1957.0073049131859,24.229921649960794,String_4
2026-03-03 09:00:00,581.9266040141245,7.290699115504722,4212.085857436177,27.28524545769032,String_1
2026-03-03 09:00:00,578.1432969346041,5.39659390388916,3117.7965927241803,27.28524545769032,String_2
2026-03-03 09:00:00,577.2397018759106,7.725133526255586,4463.073452523709,27.28524545769032,String_3
2026-03-03 09:00:00,582.3295325568051,7.440140635478458,4298.423326974112,27.28524545769032,String_4
2026-03-03 10:00:00,582.5595208892167,13.548512203979806,7912.478719334405,26.74097036527272,String_1
2026-03-03 10:00:00,585.3478551805196,10.135793164290252,5919.413623324901,26.74097036527272,String_2
2026-03-03 10:00:00,585.6193826411401,13.010793384756832,7598.445071208996,26.74097036527272,String_3
2026-03-03 10:00:00,580.6704413419448,13.919484792653396,8129.130752350542,26.74097036527272,String_4
2026-03-03 11:00:00,592.1118214214636,21.57793177642473,12669.517375958809,28.49188938741801,String_1
2026-03-03 11:00:00,586.276810890304,16.522041358442326,9700.943178706195,28.49188938741801,String_2
2026-03-03 11:00:00,583.3728838763168,21.76017420665751,12776.521312220846,28.49188938741801,String_3
2026-03-03 11:00:00,589.834158891633,20.7534219678875,12185.405114684354,28.49188938741801,String_4
2026-03-03 12:00:00,588.5553895185499,24.523361349326787,14543.523766148488,31.546179483993996,String_1
2026-03-03 12:00:00,593.1886352143507,18.690850424999045,11084.566405614802,31.546179483993996,String_2
2026-03-03 12:00:00,593.002134444284,24.215852379183257,14361.156269626277,31.546179483993996,String_3
2026-03-03 12:00:00,598.477207256663,24.671578487664867,14631.423603502128,31.546179483993996,String_4
2026-03-03 13:00:00,587.5753914937015,21.160848762006538,12383.368908107179,28.10721673683136,String_1
2026-03-03 13:00:00,585.0767655355761,15.248368813520756,8923.374406594407,28.10721673683136,String_2
2026-03-03 13:00:00,589.2907318253033,21.817042421533667,12767.374684646495,28.10721673683136,String_3
2026-03-03 13:00:00,592.1529380743883,24.11927736828177,14114.646950488013,28.10721673683136,String_4
2026-03-03 14:00:00,595.6178541991864,13.057119440924815,7740.636484449042,30.133181319970905,String_1
2026-03-03 14:00:00,592.8805657666439,10.259526087578983,6082.142566434681,30.133181319970905,String_2
2026-03-03 14:00:00,586.2696215056762,14.282284112823278,8466.949389961039,30.133181319970905,String_3
2026-03-03 14:00:00,587.5032343520502,14.583718149831,8645.648169203536,30.133181319970905,String_4
2026-03-03 15:00:00,574.7455205817847,7.338845030865982,4229.168291758367,24.931034405742256,String_1
2026-03-03 15:00:00,573.2240830927616,5.681475399199279,3274.0731692304876,24.931034405742256,String_2
2026-03-03 15:00:00,575.3367875886308,7.421120651653488,4276.581399019224,24.931034405742256,String_3
2026-03-03 15:00:00,576.5548937280436,7.511251523157722,4328.521264525455,24.931034405742256,String_4
2026-03-03 16:00:00,601.0526014534797,3.383798924425776,2024.879277459257,26.59320222139568,String_1
2026-03-03 16:00:00,598.0516437914006,2.6817488170109356,1604.7695883223375,26.59320222139568,String_2
2026-03-03 16:00:00,600.8366459008271,3.4863849178133637,2086.2671603705767,26.59320222139568,String_3
2026-03-03 16:00:00,598.7265097557466,3.4849182767000557,2085.389516259879,26.59320222139568,String_4
2026-03-03 17:00:00,571.0953397609703,1.969949009779667,1144.4865410831142,26.487283467701083,String_1
2026-03-03 17:00:00,576.2759956236458,1.6148596618153501,938.1893335870716,26.487283467701083,String_2
2026-03-03 17:00:00,580.2522348141315,1.903864744558677,1106.0933889013481,26.487283467701083,String_3
2026-03-03 17:00:00,574.9241988785341,2.055017310599704,1193.9088991634542,26.487283467701083,String_4
2026-03-03 18:00:00,571.1423831986508,0.05634527524129201,32.01215903621147,16.590304865310536,String_1
2026-03-03 18:00:00,575.7964937103882,0.04378797223799131,24.877818506573476,16.590304865310536,String_2
2026-03-03 18:00:00,574.2365488071563,0.05813828482559178,33.03084441347257,16.590304865310536,String_3
2026-03-03 18:00:00,567.0755251940187,0.05776631310043073,32.81951137850493,16.590304865310536,String_4
2026-03-03 19:00:00,573.8864906997609,0.04519415548797241,25.59945474903792,19.93980335462416,String_1
2026-03-03 19:00:00,567.1761973015216,0.03512158643112108,19.89402065046188,19.93980335462416,String_2
2026-03-03 19:00:00,564.7474301599209,0.04725521122367054,26.766904444060785,19.93980335462416,String_3
2026-03-03 19:00:00,563.3658466978064,0.043436711771871646,24.603980878610674,19.93980335462416,String_4
2026-03-03 20:00:00,577.3474308895048,0.0,0.0,22.68773811992619,String_1
2026-03-03 20:00:00,576.9188952292393,0.0,0.0,22.68773811992619,String_2
2026-03-03 20:00:00,579.7118604338228,0.0,0.0,22.68773811992619,String_3
2026-03-03 20:00:00,579.6626492271947,0.0,0.0,22.68773811992619,String_4
2026-03-03 21:00:00,573.2275278181603,0.007633186182473642,4.375436190560373,21.127503093479127,String_1
2026-03-03 21:00:00,575.396988566125,0.006051575998316523,3.4688377828064416,21.127503093479127,String_2
2026-03-03 21:00:00,579.1655290913249,0.008664138192109533,4.966390560840127,21.127503093479127,String_3
2026-03-03 21:00:00,577.9600683945998,0.008065413986088281,4.623194483007663,21.127503093479127,String_4
2026-03-03 22:00:00,573.693817697223,1.0244979563207641,595.3545184547709,22.27588561230773,String_1
2026-03-03 22:00:00,568.3487018649628,0.7442605545276758,432.50343381551227,22.27588561230773,String_2
2026-03-03 22:00:00,585.7899070956689,0.9821241476327197,570.7303224659731,22.27588561230773,String_3
2026-03-03 22:00:00,574.2839140473955,0.9908709959115829,575.8132761340906,22.27588561230773,String_4
2026-03-03 23:00:00,578.3401969479365,1.5053956624195144,872.3226281936275,20.32562349213347,String_1
2026-03-03 23:00:00,573.6134588271032,1.0738648479059196,622.2660459539654,20.32562349213347,String_2
2026-03-03 23:00:00,570.4541217694998,1.4347741754744947,831.4000171906114,20.32562349213347,String_3
2026-03-03 23:00:00,582.1713375984239,1.462961243313191,847.7334089439826,20.32562349213347,String_4
2026-03-04 00:00:00,578.2131445002583,0.036778504714150215,21.126211902576554,21.64526152440991,String_1
2026-03-04 00:00:00,571.5348166951114,0.031192109139407488,17.917289256022528,21.64526152440991,String_2
2026-03-04 00:00:00,561.4621572380205,0.044268630681290416,25.428670351843373,21.64526152440991,String_3
2026-03-04 00:00:00,571.6861464574826,0.040040990907224835,23.000240637018464,21.64526152440991,String_4
2026-03-04 01:00:00,570.6864396646242,1.047965804840558,596.0068880554234,21.160727478679952,String_1
2026-03-04 01:00:00,561.3328617937409,0.7486270316153613,425.764719961569,21.160727478679952,String_2
2026-03-04 01:00:00,569.6442192365073,1.0611547095946794,603.507779824081,21.160727478679952,String_3
2026-03-04 01:00:00,568.6508703917466,1.1501470768304172,654.120179209505,21.160727478679952,String_4
2026-03-04 02:00:00,565.958538204796,0.36651934340785536,206.37314411851372,23.807646072783726,String_1
2026-03-04 02:00:00,563.6599825488613,0.2649516459960352,149.1842250812166,23.807646072783726,String_2
2026-03-04 02:00:00,558.1967360023827,0.3786652705293531,213.2120551156573,23.807646072783726,String_3
2026-03-04 02:00:00,569.044938215113,0.3505667428365055,197.39083964812517,23.807646072783726,String_4
2026-03-04 03:00:00,570.635232518329,0.07660873414007474,43.776366568523216,21.98092363606654,String_1
2026-03-04 03:00:00,571.2913576859141,0.0650607666091601,37.177535959595595,21.98092363606654,String_2
2026-03-04 03:00:00,566.7615405880979,0.08491304869884053,48.52168343487629,21.98092363606654,String_3
2026-03-04 03:00:00,569.2114691275063,0.07637443432026651,43.64248111911597,21.98092363606654,String_4
2026-03-04 04:00:00,577.6115195387116,0.4413381041724357,256.87445874325107,22.147287273614516,String_1
2026-03-04 04:00:00,581.170802809229,0.3437163488531143,200.05512834294854,22.147287273614516,String_2
2026-03-04 04:00:00,590.5940755095579,0.46348115899677356,269.762503462593,22.147287273614516,String_3
2026-03-04 04:00:00,575.1760273941894,0.464350020934815,270.2682119838989,22.147287273614516,String_4
2026-03-04 05:00:00,569.4377293163518,1.671340499367905,965.2083914369579,20.64832801721918,String_1
2026-03-04 05:00:00,584.8613879432036,1.3724278763254678,792.5846967582809,20.64832801721918,String_2
2026-03-04 05:00:00,576.4589179199762,1.7301039533932014,999.1446114690141,20.64832801721918,String_3
2026-03-04 05:00:00,574.160172612436,1.8622519934727293,1075.4608362268937,20.64832801721918,String_4
2026-03-04 06:00:00,570.3364044041566,0.34743124681561455,196.3462111759136,20.496869501319125,String_1
2026-03-04 06:00:00,562.1088032684919,0.23992197652898967,135.5887574910733,20.496869501319125,String_2
2026-03-04 06:00:00,574.2669295349109,0.32254370332456733,182.28134247244822,20.496869501319125,String_3
2026-03-04 06:00:00,568.5265103238726,0.3463396638662378,195.72931739258587,20.496869501319125,String_4
2026-03-04 07:00:00,575.2056066307371,2.8435686612168287,1642.5736847196451,22.677517934645035,String_1
2026-03-04 07:00:00,588.4317047377931,2.0403919727552733,1178.6225550561642,22.677517934645035,String_2
2026-03-04 07:00:00,574.6165890564488,2.862306045049835,1653.3972438706373,22.677517934645035,String_3
2026-03-04 07:00:00,581.3556405315121,2.6541535111422307,1533.1589393529487,22.677517934645035,String_4
2026-03-04 08:00:00,579.7396077754725,0.422537893075334,244.32964012007847,26.260986234220706,String_1
2026-03-04 08:00:00,584.751851320434,0.31193834740152016,180.37621100807866,26.260986234220706,String_2
2026-03-04 08:00:00,586.0507008570743,0.37688905272236456,217.9335111145518,26.260986234220706,String_3
2026-03-04 08:00:00,578.4031656187688,0.41870664125828133,242.11424502058384,26.260986234220706,String_4
2026-03-04 09:00:00,568.1004966853038,8.770198155713327,5015.392048374234,26.286967237315967,String_1
2026-03-04 09:00:00,574.1674467517303,6.184762071653752,3536.864956130041,26.286967237315967,String_2
2026-03-04 09:00:00,568.4790091882742,8.521036958770532,4872.904836144459,26.286967237315967,String_3
2026-03-04 09:00:00,581.9345222746679,8.448460899535776,4831.400940345799,26.286967237315967,String_4
2026-03-04 10:00:00,583.5462279552152,13.512720291753991,7876.072136972621,28.979834893532445,String_1
2026-03-04 10:00:00,581.0369435432409,10.792512479338143,6290.562151154454,28.979834893532445,String_2
2026-03-04 10:00:00,583.786952829126,13.819860344622112,8055.092878933742,28.979834893532445,String_3
2026-03-04 10:00:00,576.1279198521529,14.197577046372965,8275.250177101492,28.979834893532445,String_4
2026-03-04 11:00:00,580.0468194660294,19.80012198859416,11581.188166965143,33.35029015706753,String_1
2026-03-04 11:00:00,590.9069591983048,14.89755340891856,8713.651832826352,33.35029015706753,String_2
2026-03-04 11:00:00,581.6204182637257,21.54835282850763,12603.736933482462,33.35029015706753,String_3
2026-03-04 11:00:00,579.6703347451729,21.231775544641014,12418.569332194045,33.35029015706753,String_4
2026-03-04 12:00:00,579.4508290669011,24.09864665873638,13899.317760487134,31.214331356327495,String_1
2026-03-04 12:00:00,582.6960860775796,17.25902469739755,9954.445654244157,31.214331356327495,String_2
2026-03-04 12:00:00,580.36233185759,21.731565735720753,12534.06225964124,31.214331356327495,String_3
2026-03-04 12:00:00,581.7478037332937,24.290298868898024,14009.856539127246,31.214331356327495,String_4
2026-03-04 13:00:00,582.673262568886,17.433576043827216,10224.04685533043,28.547441495440975,String_1
2026-03-04 13:00:00,579.3481846780242,13.710880351261688,8040.845021510273,28.547441495440975,String_2
2026-03-04 13:00:00,593.9639062715108,18.049303504689533,10585.144681395723,28.547441495440975,String_3
2026-03-04 13:00:00,584.8438388175226,17.104673259250344,10031.15943671311,28.547441495440975,String_4
2026-03-04 14:00:00,584.71250210287,14.400705226916175,8438.33324693177,30.80271302406751,String_1
2026-03-04 14:00:00,592.6076378943905,10.544573803002264,6178.768768233029,30.80271302406751,String_2
2026-03-04 14:00:00,588.7478172321485,14.167249736849312,8301.536111481217,30.80271302406751,String_3
2026-03-04 14:00:00,588.2461060455532,14.931557490964373,8749.394978863782,30.80271302406751,String_4
2026-03-04 15:00:00,598.1954722301197,8.046245189571398,4726.126742339635,26.31278545291339,String_1
2026-03-04 15:00:00,584.1528693537135,5.961868483250971,3501.82543648103,26.31278545291339,String_2
2026-03-04 15:00:00,592.0096611460204,8.781596735638486,5158.050518586576,26.31278545291339,String_3
2026-03-04 15:00:00,587.6555261300997,8.706087558489982,5113.6986584324595,26.31278545291339,String_4
2026-03-04 16:00:00,586.9828032206204,4.598416351290553,2693.0158246212904,21.395832879108404,String_1
2026-03-04 16:00:00,593.2821839583669,3.735360155252069,2187.575730486101,21.395832879108404,String_2
2026-03-04 16:00:00,588.1790206077522,4.6708353106632705,2735.427252533554,21.395832879108404,String_3
2026-03-04 16:00:00,588.3313222215523,4.539664499201352,2658.6083992567683,21.395832879108404,String_4
2026-03-04 17:00:00,569.5594410705045,0.3928064857596237,221.62020328751998,21.526461688449473,String_1
2026-03-04 17:00:00,562.372140736241,0.2717663320360703,153.32972325053305,21.526461688449473,String_2
2026-03-04 17:00:00,560.0008560472604,0.3687923568942735,208.071506120212,21.526461688449473,String_3
2026-03-04 17:00:00,558.9728584138503,0.38682919200814847,218.2478326563441,21.526461688449473,String_4
2026-03-04 18:00:00,557.665616733799,0.08878771365648933,50.386796623650405,17.7304981074124,String_1
2026-03-04 18:00:00,577.7784353303806,0.06453506077579477,36.623479178498116,17.7304981074124,String_2
2026-03-04 18:00:00,561.9813578520706,0.0950280222258076,53.92815550994358,17.7304981074124,String_3
2026-03-04 18:00:00,566.3911315627502,0.08900384700214747,50.50945173529569,17.7304981074124,String_4
2026-03-04 19:00:00,577.7362156382246,0.058303089119988424,33.764501420665376,20.769054981381494,String_1
2026-03-04 19:00:00,580.6573156267148,0.04355194276419246,25.221813381242765,20.769054981381494,String_2
2026-03-04 19:00:00,583.1989682003658,0.055075932352347805,31.895589482886848,20.769054981381494,String_3
2026-03-04 19:00:00,583.422649579468,0.06014857340608626,34.833258801110986,20.769054981381494,String_4
2026-03-04 20:00:00,576.6562464248082,1.1014374667851363,638.3619119523507,21.508918707843215,String_1
2026-03-04 20:00:00,578.7360250487209,0.8373081240284674,485.2800372845112,21.508918707843215,String_2
2026-03-04 20:00:00,580.9845333700944,0.92663152638103,537.0493475062727,21.508918707843215,String_3
2026-03-04 20:00:00,578.3281779867351,1.0124433439137712,586.7834427774235,21.508918707843215,String_4
2026-03-04 21:00:00,587.3219202527555,0.3805750139068678,220.46147014326596,24.824956574014678,String_1
2026-03-04 21:00:00,581.7400671308468,0.3047067700488769,176.51211990501417,24.824956574014678,String_2
2026-03-04 21:00:00,582.9595813029046,0.41117314985963044,238.18651721490673,24.824956574014678,String_3
2026-03-04 21:00:00,582.5995987159926,0.38881134457600397,225.23265453938131,24.824956574014678,String_4
2026-03-04 22:00:00,611.6892212126644,0.0,0.0,22.125936696992436,String_1
2026-03-04 22:00:00,606.7269597187562,0.0,0.0,22.125936696992436,String_2
2026-03-04 22:00:00,599.3376921854585,0.0,0.0,22.125936696992436,String_3
2026-03-04 22:00:00,607.820291684001,0.0,0.0,22.125936696992436,String_4
2026-03-04 23:00:00,576.5669762663557,0.5002086434071213,290.03285677262716,21.033880891846383,String_1
2026-03-04 23:00:00,577.1806773265661,0.33728829669339033,195.56776864077025,21.033880891846383,String_2
2026-03-04 23:00:00,582.7555808290904,0.4609962951747856,267.29660555329144,21.033880891846383,String_3
2026-03-04 23:00:00,586.015176092483,0.5142878640414724,298.19632342905885,21.033880891846383,String_4
2026-03-05 00:00:00,584.2394219445247,0.10858805189156015,63.429871471815,23.070426593987168,String_1
2026-03-05 00:00:00,585.6772291238392,0.08382588163255068,48.96546908562348,23.070426593987168,String_2
2026-03-05 00:00:00,592.6441387840206,0.11420153820011462,66.70889442929452,23.070426593987168,String_3
2026-03-05 00:00:00,585.3368299582872,0.1132929474047546,66.17815650402339,23.070426593987168,String_4
2026-03-05 01:00:00,596.1247550939443,1.0092104378460003,588.4870963252065,16.989344813604422,String_1
2026-03-05 01:00:00,585.9438877512,0.7778914495918805,453.6012146322905,16.989344813604422,String_2
2026-03-05 01:00:00,574.3125257272632,1.0051225660904686,586.1033915106811,16.989344813604422,String_3
2026-03-05 01:00:00,586.8830476285649,0.9746163169790266,568.3146991962391,16.989344813604422,String_4
2026-03-05 02:00:00,582.1169219348602,0.06855903424228071,39.77871473013858,21.882844547837323,String_1
2026-03-05 02:00:00,586.6598937808601,0.05507615084074263,31.95579571593308,21.882844547837323,String_2
2026-03-05 02:00:00,583.5770367667961,0.0710713142412164,41.2363675472237,21.882844547837323,String_3
2026-03-05 02:00:00,579.5188500905275,0.07595584991010473,44.07042950724573,21.882844547837323,String_4
2026-03-05 03:00:00,566.3563548614304,0.0,0.0,22.953345819394126,String_1
2026-03-05 03:00:00,571.4327297564471,0.0,0.0,22.953345819394126,String_2
2026-03-05 03:00:00,568.2252437718307,0.0,0.0,22.953345819394126,String_3
2026-03-05 03:00:00,569.5752287938536,0.0,0.0,22.953345819394126,String_4
2026-03-05 04:00:00,584.0146457860492,0.0,0.0,18.45444294006051,String_1
2026-03-05 04:00:00,589.4212762857032,0.0,0.0,18.45444294006051,String_2
2026-03-05 04:00:00,583.045111413061,0.0,0.0,18.45444294006051,String_3
2026-03-05 04:00:00,575.0923384537703,0.0,0.0,18.45444294006051,String_4
2026-03-05 05:00:00,571.0404116248001,0.0,0.0,23.69912351803405,String_1
2026-03-05 05:00:00,574.8005557169276,0.0,0.0,23.69912351803405,String_2
2026-03-05 05:00:00,565.7684837621025,0.0,0.0,23.69912351803405,String_3
2026-03-05 05:00:00,568.1473124503348,0.0,0.0,23.69912351803405,String_4
2026-03-05 06:00:00,573.4471057703324,0.6409597172615602,367.5094220733087,22.08860824660902,String_1
2026-03-05 06:00:00,569.4491732312752,0.5092648999489096,291.9990820360241,22.08860824660902,String_2
2026-03-05 06:00:00,576.6150669659057,0.605996532889868,347.46245291714934,22.08860824660902,String_3
2026-03-05 06:00:00,572.7689240536475,0.5979798938211067,342.8659231949414,22.08860824660902,String_4
2026-03-05 07:00:00,573.820497831774,1.2187169386599706,696.7683039793454,22.651591964638754,String_1
2026-03-05 07:00:00,567.2853747232284,0.93021484562809,531.8250692710926,22.651591964638754,String_2
2026-03-05 07:00:00,569.5355441106218,1.3798373132708324,788.8845014267735,22.651591964638754,String_3
2026-03-05 07:00:00,575.3347424013778,1.1924848648777646,681.7708283725931,22.651591964638754,String_4
2026-03-05 08:00:00,575.2571535181543,2.88031195140051,1662.289433326219,26.67717916383276,String_1
2026-03-05 08:00:00,585.7561385347801,2.2721244468682915,1311.2914583418174,26.67717916383276,String_2
2026-03-05 08:00:00,575.1231383505401,2.9327352596095047,1692.5440421207431,26.67717916383276,String_3
2026-03-05 08:00:00,578.2447429073725,2.89793939915776,1672.462609231398,26.67717916383276,String_4
2026-03-05 09:00:00,601.5743294602345,6.762411134788197,4036.560130816333,31.609855396721365,String_1
2026-03-05 09:00:00,589.8195466362039,5.899542744866242,3521.5041734843726,31.609855396721365,String_2
2026-03-05 09:00:00,588.1073312409652,6.773815668996831,4043.3676270154747,31.609855396721365,String_3
2026-03-05 09:00:00,589.2830937280186,7.758788349192137,4631.309024184638,31.609855396721365,String_4
2026-03-05 10:00:00,572.2272730846132,13.014202864563037,7364.924188280999,28.703551172012688,String_1
2026-03-05 10:00:00,563.1550618380151,10.221808963675917,5784.6684017470925,28.703551172012688,String_2
2026-03-05 10:00:00,578.7053489958186,12.194472675666576,6901.027109151643,28.703551172012688,String_3
2026-03-05 10:00:00,563.0931145741904,12.336075716627906,6981.16230239886,28.703551172012688,String_4
2026-03-05 11:00:00,590.7474910984139,18.794229937198974,11085.30168438952,29.63546321453341,String_1
2026-03-05 11:00:00,597.5352843452681,14.666115508003326,8650.437686863304,29.63546321453341,String_2
2026-03-05 11:00:00,599.8551990232244,20.033998200737784,11816.547671375018,29.63546321453341,String_3
2026-03-05 11:00:00,600.1322524656107,20.427651871510832,12048.73434325613,29.63546321453341,String_4
2026-03-05 12:00:00,578.7846213977874,24.91515880217043,14269.97757174792,28.492893632539705,String_1
2026-03-05 12:00:00,577.863102873879,16.81816031059742,9632.480063076284,28.492893632539705,String_2
2026-03-05 12:00:00,575.7054249908276,23.18413186753075,13278.544375213449,28.492893632539705,String_3
2026-03-05 12:00:00,576.6345956256548,22.85170515569538,13088.149372724949,28.492893632539705,String_4
2026-03-05 13:00:00,577.6124535782463,17.670755696825253,10255.547895309115,27.439333303003153,String_1
2026-03-05 13:00:00,576.2773877427775,14.584540443245864,8464.406141592073,27.439333303003153,String_2
2026-03-05 13:00:00,580.3515098728343,19.48604280231395,11309.083135877298,27.439333303003153,String_3
2026-03-05 13:00:00,579.5174590472644,20.194405641586396,11720.194530888033,27.439333303003153,String_4
2026-03-05 14:00:00,587.924981152506,15.031163029243459,8871.258964162527,30.000490294984193,String_1
2026-03-05 14:00:00,593.6730586364259,9.693331978117296,5720.918470259214,30.000490294984193,String_2
2026-03-05 14:00:00,594.9676474419949,14.099770831346621,8321.55955842338,30.000490294984193,String_3
2026-03-05 14:00:00,590.6331558306016,13.909090859402616,8209.021931953392,30.000490294984193,String_4
2026-03-05 15:00:00,586.6153163206158,7.980838640417252,4622.722537735836,25.356302029294838,String_1
2026-03-05 15:00:00,573.5192203446719,5.651069773102832,3273.25595459908,25.356302029294838,String_2
2026-03-05 15:00:00,578.2593686189408,7.403310538649011,4288.202283348101,25.356302029294838,String_3
2026-03-05 15:00:00,575.6435543123255,7.390890593835164,4281.008307702779,25.356302029294838,String_4
2026-03-05 16:00:00,559.4522210770068,5.10849713303242,2905.6360522255973,25.554747906058978,String_1
2026-03-05 16:00:00,568.3715007331585,3.6566934764833867,2079.872048572774,25.554747906058978,String_2
2026-03-05 16:00:00,568.1761666204557,5.503885394259358,3130.526926494488,25.554747906058978,String_3
2026-03-05 16:00:00,576.3521528785827,5.389027925608574,3065.1977321956197,25.554747906058978,String_4
2026-03-05 17:00:00,572.9941340138919,1.1636933048045475,663.1190807747012,22.52685289891013,String_1
2026-03-05 17:00:00,564.719141469472,0.862771477666776,491.6417640514962,22.52685289891013,String_2
2026-03-05 17:00:00,579.1105384227889,1.191373473245143,678.8923500512651,22.52685289891013,String_3
2026-03-05 17:00:00,575.9452440687447,1.166753557456153,664.86293537702,22.52685289891013,String_4
2026-03-05 18:00:00,583.5961992162561,0.5709742174390988,331.5565692443788,22.369575083112974,String_1
2026-03-05 18:00:00,579.5532902046639,0.4191236374586822,243.37910728840842,22.369575083112974,String_2
2026-03-05 18:00:00,575.8885145152956,0.5910755923329427,343.2291504106358,22.369575083112974,String_3
2026-03-05 18:00:00,578.8246768185577,0.5162334403909309,299.76938221995266,22.369575083112974,String_4
2026-03-05 19:00:00,574.6008100447839,0.11044349905048309,62.85969798285533,22.078939642194086,String_1
2026-03-05 19:00:00,578.579998475936,0.08396064703333117,47.78679560440122,22.078939642194086,String_2
2026-03-05 19:00:00,576.8732845876239,0.11254787366053341,64.05741766366776,22.078939642194086,String_3
2026-03-05 19:00:00,566.7128198373316,0.10828313240508608,61.63011003943263,22.078939642194086,String_4
2026-03-05 20:00:00,571.1335815502107,0.06787293727668284,39.1444723762822,23.48669532013599,String_1
2026-03-05 20:00:00,577.4360999512119,0.05198342099760521,29.980485137549298,23.48669532013599,String_2
2026-03-05 20:00:00,567.8894718888415,0.0657934922170355,37.94519055702719,23.48669532013599,String_3
2026-03-05 20:00:00,578.3475072875797,0.06915125077722206,39.88171625459122,23.48669532013599,String_4
2026-03-05 21:00:00,574.6265617877372,0.0,0.0,20.391582633910698,String_1
2026-03-05 21:00:00,573.0343922098893,0.0,0.0,20.391582633910698,String_2
2026-03-05 21:00:00,567.3910593828965,0.0,0.0,20.391582633910698,String_3
2026-03-05 21:00:00,577.9325752520791,0.0,0.0,20.391582633910698,String_4
2026-03-05 22:00:00,567.1538484328274,0.06404158472056232,36.49200626377349,20.87186556103345,String_1
2026-03-05 22:00:00,563.9677684525855,0.05001919859293968,28.501807322959976,20.87186556103345,String_2
2026-03-05 22:00:00,555.4560415647287,0.06498680146776688,37.03060716832821,20.87186556103345,String_3
2026-03-05 22:00:00,569.6797781058838,0.06245581203227886,35.58840546866105,20.87186556103345,String_4
2026-03-05 23:00:00,602.2444346740242,2.532281387492767,1502.6131739851294,19.454088000055577,String_1
2026-03-05 23:00:00,601.6894727634148,1.9136824574345814,1135.5469757697501,19.454088000055577,String_2
2026-03-05 23:00:00,591.097695407744,2.662056952475744,1579.6198109915554,19.454088000055577,String_3
2026-03-05 23:00:00,590.3721163888665,2.53413252496077,1503.711607816384,19.454088000055577,String_4
2026-03-06 00:00:00,582.4152234589192,0.0,0.0,20.46362570941534,String_1
2026-03-06 00:00:00,575.0794249826026,0.0,0.0,20.46362570941534,String_2
2026-03-06 00:00:00,581.5803116776415,0.0,0.0,20.46362570941534,String_3
2026-03-06 00:00:00,583.9017535704676,0.0,0.0,20.46362570941534,String_4
2026-03-06 01:00:00,565.0843020037099,0.30796793837415326,172.1385670182679,22.10681321565727,String_1
2026-03-06 01:00:00,558.4488655018886,0.23515032329891422,131.4371875860008,22.10681321565727,String_2
2026-03-06 01:00:00,557.9312671334035,0.3062803674049377,171.195299839496,22.10681321565727,String_3
2026-03-06 01:00:00,554.5597229505055,0.33479401856865326,187.1329947751864,22.10681321565727,String_4
2026-03-06 02:00:00,572.3572327479561,0.02213425546930477,12.760213114341928,22.866189462858266,String_1
2026-03-06 02:00:00,575.3592400586477,0.01713388492210313,9.87754132438921,22.866189462858266,String_2
2026-03-06 02:00:00,578.3284620522362,0.025061924545068937,14.447989845157469,22.866189462858266,String_3
2026-03-06 02:00:00,581.0595576493216,0.024666108247680125,14.219805060906868,22.866189462858266,String_4
2026-03-06 03:00:00,565.6898135284512,0.0,0.0,19.507881581212313,String_1
2026-03-06 03:00:00,577.1691511266505,0.0,0.0,19.507881581212313,String_2
2026-03-06 03:00:00,568.3500902766401,0.0,0.0,19.507881581212313,String_3
2026-03-06 03:00:00,569.5988718101107,0.0,0.0,19.507881581212313,String_4
2026-03-06 04:00:00,578.6584313006296,1.3257276617083475,772.096485016993,23.091424069778885,String_1
2026-03-06 04:00:00,570.2732883950039,0.9666471755517255,562.9699885218832,23.091424069778885,String_2
2026-03-06 04:00:00,586.8147166781739,1.3702644065058778,798.0344397760881,23.091424069778885,String_3
2026-03-06 04:00:00,586.0787091818308,1.3440714239670355,782.7797910767532,23.091424069778885,String_4
2026-03-06 05:00:00,567.6527134836678,0.9843219117008118,560.1375885125807,24.063487947177464,String_1
2026-03-06 05:00:00,569.3943048553832,0.7500112798393755,426.80093235002164,24.063487947177464,String_2
2026-03-06 05:00:00,571.6390473577793,0.9429764195560887,536.6095495747962,24.063487947177464,String_3
2026-03-06 05:00:00,561.2466219848261,0.9876365343187553,562.02380550925,24.063487947177464,String_4
2026-03-06 06:00:00,571.9519611770517,1.091869441712514,627.3851507940179,22.179082036014965,String_1
2026-03-06 06:00:00,578.5685479618922,0.8384552108550707,481.77403707836515,22.179082036014965,String_2
2026-03-06 06:00:00,568.3257774479368,1.2012394349142015,690.2288453382674,22.179082036014965,String_3
2026-03-06 06:00:00,576.0650142246162,1.0877336750859246,625.0087507689361,22.179082036014965,String_4
